{
    "nodes": [
        [
            0.0,
            0.0
        ],
        [
            8.0,
            8.0
        ],
        [
            7.310660171779821,
            6.25
        ],
        [
            5.310660171779821,
            4.25
        ],
        [
            6,
            0.75
        ],
        [
            10,
            0
        ]
    ],
    "elems": [
        [
            0,
            1
        ],
        [
            1,
            2
        ],
        [
            2,
            3
        ],
        [
            3,
            4
        ],
        [
            4,
            5
        ],
        [
            5,
            0
        ]
    ],
    "boundary_conds": [
        0,
        1,
        11
    ],
    "thickness": 0.75
}